KOL,Date,Coin
milesdeutscher1357,2025_01_21,Bitcoin
milesdeutscher1357,2025_01_21,Solana
milesdeutscher1357,2025_01_21,XRP
milesdeutscher1357,2025_01_21,Pendle
milesdeutscher1357,2025_01_21,Frasia
milesdeutscher1357,2025_01_21,Worldcoin
milesdeutscher1357,2025_01_21,AI xPT
elliotrades_official,2025_01_15,Bitcoin
elliotrades_official,2025_01_15,Ethereum
elliotrades_official,2025_01_15,Link
elliotrades_official,2025_01_15,Athena
elliotrades_official,2025_01_15,Superverse
elliotrades_official,2025_01_15,Ronin
elliotrades_official,2025_01_15,Aeloth
elliotrades_official,2025_01_15,Wayfinder
AltcoinDaily,2025_01_18,immutable
AltcoinDaily,2025_01_18,superverse
AltcoinDaily,2025_01_18,xborg
AltcoinDaily,2025_01_18,my lovely planet
AltcoinDaily,2025_01_18,avalanche
AltcoinDaily,2025_01_18,ton coin
AltcoinDaily,2025_01_18,alivium
AltcoinDaily,2025_01_18,wag me games
AltcoinDaily,2025_01_18,cross the ages
AltcoinDaily,2025_01_18,revenge
AltcoinDaily,2025_01_22,Bitcoin
AltcoinDaily,2025_01_22,Ethereum
AltcoinDaily,2025_01_22,Tron
AltcoinDaily,2025_01_22,Chainlink
CryptoBanterGroup,2025_01_21,eth
CryptoBanterGroup,2025_01_21,bitcoin
CryptoBanterGroup,2025_01_21,ave
CryptoBanterGroup,2025_01_21,link
CryptoBanterGroup,2025_01_21,athena
CryptoBanterGroup,2025_01_21,solana
CBinthegame,2025_01_21,trumpcoin
CBinthegame,2025_01_21,melania meme coin
CBinthegame,2025_01_21,M3 M3
CBinthegame,2025_01_21,Avalanche
CBinthegame,2025_01_21,Musket
CBinthegame,2025_01_21,MLG
CBinthegame,2025_01_21,virtuals
CBinthegame,2025_01_21,agent YP
CBinthegame,2025_01_21,AI 16z
CBinthegame,2025_01_21,Zentry
CBinthegame,2025_01_21,Calvin
CBinthegame,2025_01_21,Lingo
CBinthegame,2025_01_21,GPU
CBinthegame,2025_01_21,neural
CBinthegame,2025_01_21,Heart
AlexBeckersChannel,2025_01_05,neural
AlexBeckersChannel,2025_01_05,pin link
AlexBeckersChannel,2025_01_05,vertical
AlexBeckersChannel,2025_01_05,xpg
AlexBeckersChannel,2025_01_05,PI
AlexBeckersChannel,2025_01_05,destro
AlexBeckersChannel,2025_01_05,super
AlexBeckersChannel,2025_01_05,avax
AlexBeckersChannel,2025_01_05,near
AlexBeckersChannel,2025_01_05,bittensor
AlexBeckersChannel,2025_01_05,render
AlexBeckersChannel,2025_01_05,internet computer
AlexBeckersChannel,2025_01_05,pal
AlexBeckersChannel,2025_01_05,0x0
AlexBeckersChannel,2025_01_05,neural AI
AlexBeckersChannel,2025_01_05,altura
AlexBeckersChannel,2025_01_05,hash AI
AlexBeckersChannel,2025_01_05,anyone
AlexBeckersChannel,2025_01_05,parallel AI
AlexBeckersChannel,2025_01_05,vertical AI
AlexBeckersChannel,2025_01_05,repoi
AlexBeckersChannel,2025_01_05,palm
AlexBeckersChannel,2025_01_05,PIN Link
CryptoBanterGroup,2025_01_18,trumpcoin
CryptoBanterGroup,2025_01_18,salana
CryptoBanterGroup,2025_01_18,jupiter
CryptoBanterGroup,2025_01_18,radium
CryptoBanterGroup,2025_01_18,hyper liquid
KyleChasseCrypto,2025_01_21,Bitcoin
KyleChasseCrypto,2025_01_21,Solana
KyleChasseCrypto,2025_01_21,Ethereum
KyleChasseCrypto,2025_01_21,Chainlink
KyleChasseCrypto,2025_01_21,Tron
KyleChasseCrypto,2025_01_21,World Liberty Financial
KyleChasseCrypto,2025_01_21,AI6Z
KyleChasseCrypto,2025_01_21,Arc
KyleChasseCrypto,2025_01_21,Griffin
KyleChasseCrypto,2025_01_21,Virtuals
AlexBeckersChannel,2025_01_19,super
AlexBeckersChannel,2025_01_19,destro
AlexBeckersChannel,2025_01_19,pin link
AlexBeckersChannel,2025_01_19,PI
AlexBeckersChannel,2025_01_19,vertical AI
AlexBeckersChannel,2025_01_19,reploid
AlexBeckersChannel,2025_01_19,Bittensor
AlexBeckersChannel,2025_01_19,AOS
AlexBeckersChannel,2025_01_19,Altura
AlexBeckersChannel,2025_01_19,Alluvium
AlexBeckersChannel,2025_01_19,Radium
AlexBeckersChannel,2025_01_19,Sui
AlexBeckersChannel,2025_01_19,Akash network
AlexBeckersChannel,2025_01_19,Hash
AlexBeckersChannel,2025_01_19,Vertical AI
KyleChasseCrypto,2025_01_17,bitcoin
KyleChasseCrypto,2025_01_17,ethereum
KyleChasseCrypto,2025_01_17,xrp
KyleChasseCrypto,2025_01_17,solana
KyleChasseCrypto,2025_01_17,litecoin
milesdeutscher1357,2025_01_19,Trump
milesdeutscher1357,2025_01_19,Salana
milesdeutscher1357,2025_01_19,Whiff
milesdeutscher1357,2025_01_19,Bonk
milesdeutscher1357,2025_01_19,Cheeks
milesdeutscher1357,2025_01_19,LMT
milesdeutscher1357,2025_01_19,Hey Anon
milesdeutscher1357,2025_01_18,Trump coin
milesdeutscher1357,2025_01_18,AI 16z
milesdeutscher1357,2025_01_18,AI xbt
milesdeutscher1357,2025_01_18,AON
milesdeutscher1357,2025_01_18,LMT
AltcoinDaily,2025_01_20,Trump Coin
AltcoinDaily,2025_01_20,Melania Coin
elliotrades_official,2025_01_20,TrumpCoin
elliotrades_official,2025_01_20,Bitcoin
elliotrades_official,2025_01_20,Ethereum
elliotrades_official,2025_01_20,Salana
elliotrades_official,2025_01_20,XRP
elliotrades_official,2025_01_20,Chainlink
elliotrades_official,2025_01_20,Avalanche
elliotrades_official,2025_01_20,Litecoin
elliotrades_official,2025_01_20,HyperLiquid
elliotrades_official,2025_01_20,Virtuals
KyleChasseCrypto,2025_01_20,salana
KyleChasseCrypto,2025_01_20,radium
KyleChasseCrypto,2025_01_20,jupiter
KyleChasseCrypto,2025_01_20,fcoin
KyleChasseCrypto,2025_01_20,moonshot
KyleChasseCrypto,2025_01_20,ai16z
KyleChasseCrypto,2025_01_20,kira
KyleChasseCrypto,2025_01_20,griffin
